from,to,anchor
/,/pricing,$149/yr pricing
/,/features,23 features in v1.1.0
/,/migrate,migrate from AffiliateWP
/,/best-woocommerce-affiliate-plugin,best WooCommerce affiliate plugin
/pricing,/free,free tier (25 affiliates)
/pricing,/features,23 features in v1.1.0
/pricing,/affiliatewp-vs-asteris,AffiliateWP alternative
/features,/pricing,$149/yr pricing
/features,/free,free tier (25 affiliates)
/features,/demo,live demo
/free,/pricing,$149/yr pricing
/free,/features,23 features in v1.1.0
/demo,/pricing,$149/yr pricing
/demo,/features,23 features in v1.1.0
/demo,/free,free tier (25 affiliates)
/migrate,/migrate/from-affiliatewp,AffiliateWP migration guide
/migrate,/migrate/from-slicewp,SliceWP migration guide
/migrate,/migrate/from-solid-affiliate,Solid Affiliate migration guide
/migrate,/pricing,$149/yr pricing
/migrate,/migrate/from-tapfiliate,Tapfiliate migration guide
/migrate,/migrate/from-yith,YITH migration guide
/affiliatewp-vs-asteris,/pricing,$149/yr pricing
/affiliatewp-vs-asteris,/migrate/from-affiliatewp,AffiliateWP migration guide
/affiliatewp-vs-asteris,/best-woocommerce-affiliate-plugin,best WooCommerce affiliate plugin
/slicewp-vs-asteris,/pricing,$149/yr pricing
/slicewp-vs-asteris,/migrate/from-slicewp,SliceWP migration guide
/tapfiliate-vs-asteris,/pricing,$149/yr pricing
/tapfiliate-vs-asteris,/migrate/from-tapfiliate,Tapfiliate migration guide
/solid-affiliate-vs-asteris,/pricing,$149/yr pricing
/solid-affiliate-vs-asteris,/migrate/from-solid-affiliate,Solid Affiliate migration guide
/solid-affiliate-vs-asteris,/best-woocommerce-affiliate-plugin,best WooCommerce affiliate plugin
/easy-affiliate-vs-asteris,/pricing,$149/yr pricing
/easy-affiliate-vs-asteris,/best-woocommerce-affiliate-plugin,best WooCommerce affiliate plugin
/best-woocommerce-affiliate-plugin,/affiliatewp-vs-asteris,AffiliateWP alternative
/best-woocommerce-affiliate-plugin,/pricing,$149/yr pricing
/best-woocommerce-affiliate-plugin,/features,23 features in v1.1.0
/woocommerce-affiliate-program-guide,/best-woocommerce-affiliate-plugin,best WooCommerce affiliate plugin
/woocommerce-affiliate-program-guide,/features,23 features in v1.1.0
/woocommerce-affiliate-program-guide,/pricing,$149/yr pricing
/migrate/from-affiliatewp,/affiliatewp-vs-asteris,AffiliateWP alternative
/migrate/from-affiliatewp,/pricing,$149/yr pricing
/migrate/from-slicewp,/slicewp-vs-asteris,SliceWP alternative
/migrate/from-slicewp,/pricing,$149/yr pricing
/migrate/from-tapfiliate,/tapfiliate-vs-asteris,Tapfiliate alternative
/migrate/from-tapfiliate,/pricing,$149/yr pricing
/migrate/from-yith,/best-woocommerce-affiliate-plugin,best WooCommerce affiliate plugin
/migrate/from-yith,/pricing,$149/yr pricing
/migrate/from-solid-affiliate,/solid-affiliate-vs-asteris,Solid Affiliate alternative
/migrate/from-solid-affiliate,/pricing,$149/yr pricing
/founder,/roadmap,roadmap
/founder,/pricing,$149/yr pricing
/founder,/contact,contact us
/roadmap,/features,23 features in v1.1.0
/roadmap,/changelog,changelog
/changelog,/roadmap,roadmap
/support,/docs/getting-started,getting-started guide
/support,/contact,contact us
/docs/getting-started,/features,23 features in v1.1.0
/docs/getting-started,/support,support
/terms,/privacy,privacy
/terms,/refund-policy,refund policy
/privacy,/terms,terms
/refund-policy,/pricing,$149/yr pricing
/refund-policy,/terms,terms
/license,/terms,terms
/contact,/support,support
/contact,/docs/getting-started,getting-started guide
